Dia ,Cambio 
04/01/2010,12.92260
05/01/2010,12.82410
06/01/2010,12.74890
07/01/2010,12.76460
08/01/2010,12.72430
11/01/2010,12.66920
12/01/2010,12.72910
13/01/2010,12.76980
14/01/2010,12.73640
15/01/2010,12.68840
18/01/2010,12.66640
19/01/2010,12.64780
20/01/2010,12.73880
21/01/2010,12.77200
22/01/2010,12.94120
25/01/2010,12.90180
26/01/2010,12.85490
27/01/2010,12.92950
28/01/2010,12.99750
29/01/2010,13.00980
02/02/2010,12.86990
03/02/2010,12.93950
04/02/2010,13.06870
05/02/2010,13.17530
08/02/2010,13.16400
09/02/2010,13.08360
10/02/2010,13.06010
11/02/2010,13.06090
12/02/2010,12.97640
15/02/2010,12.94200
16/02/2010,12.86830
17/02/2010,12.87810
18/02/2010,12.84420
19/02/2010,12.83370
22/02/2010,12.80170
23/02/2010,12.85840
24/02/2010,12.85390
25/02/2010,12.85030
26/02/2010,12.77690
01/03/2010,12.74540
02/03/2010,12.72590
03/03/2010,12.69000
04/03/2010,12.71820
05/03/2010,12.65570
08/03/2010,12.66180
09/03/2010,12.65740
10/03/2010,12.60280
11/03/2010,12.61920
12/03/2010,12.55270
16/03/2010,12.52540
17/03/2010,12.48920
18/03/2010,12.47290
19/03/2010,12.57960
22/03/2010,12.60520
23/03/2010,12.52840
24/03/2010,12.53810
25/03/2010,12.50090
26/03/2010,12.54260
29/03/2010,12.46400
30/03/2010,12.41450
31/03/2010,12.33060
05/04/2010,12.26580
06/04/2010,12.24540
07/04/2010,12.22180
08/04/2010,12.24880
09/04/2010,12.19970
12/04/2010,12.18080
13/04/2010,12.21220
14/04/2010,12.18270
15/04/2010,12.19340
16/04/2010,12.23560
19/04/2010,12.30640
20/04/2010,12.21880
21/04/2010,12.18960
22/04/2010,12.24050
23/04/2010,12.19730
26/04/2010,12.15750
27/04/2010,12.22780
28/04/2010,12.36980
29/04/2010,12.24650
30/04/2010,12.26260
03/05/2010,12.26050
04/05/2010,12.42880
05/05/2010,12.66350
06/05/2010,12.78840
07/05/2010,12.91790
10/05/2010,12.52970
11/05/2010,12.50250
12/05/2010,12.43510
13/05/2010,12.35010
14/05/2010,12.56840
17/05/2010,12.69260
18/05/2010,12.57870
19/05/2010,12.91380
20/05/2010,13.14120
21/05/2010,13.03380
24/05/2010,12.95880
25/05/2010,13.18190
26/05/2010,12.99550
27/05/2010,12.88460
28/05/2010,12.85890
31/05/2010,12.91460
01/06/2010,12.90120
02/06/2010,12.86250
03/06/2010,12.76440
04/06/2010,12.86030
07/06/2010,12.92020
08/06/2010,12.92880
09/06/2010,12.80930
10/06/2010,12.74410
11/06/2010,12.67480
14/06/2010,12.59740
15/06/2010,12.60010
16/06/2010,12.58780
17/06/2010,12.59250
18/06/2010,12.54000
21/06/2010,12.46040
22/06/2010,12.52460
23/06/2010,12.69840
24/06/2010,12.71410
25/06/2010,12.70420
28/06/2010,12.65670
29/06/2010,12.83940
30/06/2010,12.84410
01/07/2010,13.03250
02/07/2010,13.05900
05/07/2010,13.09530
06/07/2010,12.93080
07/07/2010,12.89750
08/07/2010,12.82320
09/07/2010,12.78590
12/07/2010,12.82330
13/07/2010,12.71400
14/07/2010,12.71760
15/07/2010,12.77950
16/07/2010,12.90130
19/07/2010,12.91620
20/07/2010,12.85490
21/07/2010,12.77980
22/07/2010,12.75600
23/07/2010,12.77490
26/07/2010,12.69750
27/07/2010,12.64690
28/07/2010,12.67980
29/07/2010,12.70380
30/07/2010,12.64550
02/08/2010,12.57280
03/08/2010,12.60480
04/08/2010,12.55350
05/08/2010,12.53670
06/08/2010,12.65500
09/08/2010,12.64610
10/08/2010,12.69270
11/08/2010,12.74320
12/08/2010,12.72580
13/08/2010,12.72560
16/08/2010,12.64580
17/08/2010,12.59440
18/08/2010,12.60730
19/08/2010,12.72260
20/08/2010,12.76830
23/08/2010,12.84920
24/08/2010,12.93600
25/08/2010,13.04530
26/08/2010,12.98400
27/08/2010,13.01480
30/08/2010,13.13670
31/08/2010,13.16760
01/09/2010,13.05380
02/09/2010,13.05500
03/09/2010,12.95260
06/09/2010,12.93950
07/09/2010,13.05660
08/09/2010,13.00340
09/09/2010,12.98530
10/09/2010,12.96160
13/09/2010,12.87290
14/09/2010,12.83550
15/09/2010,12.77930
20/09/2010,12.76230
21/09/2010,12.75940
22/09/2010,12.68860
23/09/2010,12.64220
24/09/2010,12.54910
27/09/2010,12.51680
28/09/2010,12.50110
29/09/2010,12.48010
30/09/2010,12.59980
01/10/2010,12.55110
04/10/2010,12.58750
05/10/2010,12.50990
06/10/2010,12.47790
07/10/2010,12.52770
08/10/2010,12.48950
11/10/2010,12.42240
12/10/2010,12.43200
13/10/2010,12.36830
14/10/2010,12.41010
15/10/2010,12.42760
18/10/2010,12.41350
19/10/2010,12.48180
20/10/2010,12.41170
21/10/2010,12.36130
22/10/2010,12.38770
25/10/2010,12.32050
26/10/2010,12.38590
27/10/2010,12.47760
28/10/2010,12.40230
29/10/2010,12.33870
01/11/2010,12.34520
03/11/2010,12.30410
04/11/2010,12.23810
05/11/2010,12.20550
08/11/2010,12.24830
09/11/2010,12.20680
10/11/2010,12.27140
11/11/2010,12.25960
12/11/2010,12.26260
16/11/2010,12.43530
17/11/2010,12.37830
18/11/2010,12.29240
19/11/2010,12.29960
22/11/2010,12.30900
23/11/2010,12.45770
24/11/2010,12.39120
25/11/2010,12.36690
26/11/2010,12.48900
29/11/2010,12.55380
30/11/2010,12.46640
01/12/2010,12.39670
02/12/2010,12.35460
03/12/2010,12.35970
06/12/2010,12.38840
07/12/2010,12.41230
08/12/2010,12.44840
09/12/2010,12.45860
10/12/2010,12.46170
13/12/2010,12.38690
14/12/2010,12.37030
15/12/2010,12.39630
16/12/2010,12.45050
17/12/2010,12.43450
20/12/2010,12.41700
21/12/2010,12.37200
22/12/2010,12.33790
23/12/2010,12.33320
24/12/2010,12.34590
27/12/2010,12.36530
28/12/2010,12.35670
29/12/2010,12.35710
30/12/2010,12.38170
31/12/2010,12.34960
03/01/2011,12.25740
04/01/2011,12.26190
05/01/2011,12.20640
06/01/2011,12.22560
07/01/2011,12.23690
10/01/2011,12.25420
11/01/2011,12.19070
12/01/2011,12.07570
13/01/2011,12.10280
14/01/2011,12.08710
17/01/2011,12.02990
18/01/2011,12.02610
19/01/2011,12.07440
20/01/2011,12.09030
21/01/2011,12.04820
24/01/2011,12.05160
25/01/2011,12.08560
26/01/2011,12.04080
27/01/2011,12.02390
28/01/2011,12.12140
31/01/2011,12.15190
01/02/2011,12.01700
02/02/2011,12.01900
03/02/2011,12.04990
04/02/2011,11.99460
08/02/2011,11.99370
09/02/2011,12.04320
10/02/2011,12.09370
11/02/2011,12.06350
14/02/2011,12.04610
15/02/2011,12.11400
16/02/2011,12.09570
17/02/2011,12.04830
18/02/2011,12.01720
21/02/2011,12.05580
22/02/2011,12.09170
23/02/2011,12.19000
24/02/2011,12.17300
25/02/2011,12.12350
28/02/2011,12.10620
01/03/2011,12.09290
02/03/2011,12.09810
03/03/2011,12.03680
04/03/2011,12.00640
07/03/2011,12.01700
08/03/2011,12.02540
09/03/2011,11.96800
10/03/2011,11.97550
11/03/2011,11.94410
14/03/2011,11.92350
15/03/2011,12.01710
16/03/2011,12.07100
17/03/2011,12.09250
18/03/2011,12.06150
22/03/2011,11.98850
23/03/2011,12.00040
24/03/2011,11.95550
25/03/2011,11.95050
28/03/2011,11.95900
29/03/2011,11.96780
30/03/2011,11.92190
31/03/2011,11.90840
01/04/2011,11.84120
04/04/2011,11.85330
05/04/2011,11.83220
06/04/2011,11.78360
07/04/2011,11.79310
08/04/2011,11.74210
11/04/2011,11.74470
12/04/2011,11.82660
13/04/2011,11.79070
14/04/2011,11.76790
15/04/2011,11.70900
18/04/2011,11.77830
19/04/2011,11.69250
20/04/2011,11.62520
25/04/2011,11.62940
26/04/2011,11.58240
27/04/2011,11.58680
28/04/2011,11.54280
29/04/2011,11.52780
02/05/2011,11.50230
03/05/2011,11.56650
04/05/2011,11.62140
05/05/2011,11.69340
06/05/2011,11.60900
09/05/2011,11.64100
10/05/2011,11.60090
11/05/2011,11.60750
12/05/2011,11.66560
13/05/2011,11.72190
16/05/2011,11.70940
17/05/2011,11.76600
18/05/2011,11.72340
19/05/2011,11.65880
20/05/2011,11.64670
23/05/2011,11.72920
24/05/2011,11.70320
25/05/2011,11.69480
26/05/2011,11.69560
27/05/2011,11.62560
30/05/2011,11.61230
31/05/2011,11.57800
01/06/2011,11.62770
02/06/2011,11.67390
03/06/2011,11.66890
06/06/2011,11.69830
07/06/2011,11.71960
08/06/2011,11.80010
09/06/2011,11.79650
10/06/2011,11.86860
13/06/2011,11.86800
14/06/2011,11.79820
15/06/2011,11.87510
16/06/2011,11.95910
17/06/2011,11.90060
20/06/2011,11.89160
21/06/2011,11.81300
22/06/2011,11.77890
23/06/2011,11.88160
24/06/2011,11.88220
27/06/2011,11.89380
28/06/2011,11.83890
29/06/2011,11.77480
30/06/2011,11.72300
01/07/2011,11.63680
04/07/2011,11.59250
05/07/2011,11.61940
06/07/2011,11.65440
07/07/2011,11.57380
08/07/2011,11.63370
11/07/2011,11.72740
12/07/2011,11.78670
13/07/2011,11.71700
14/07/2011,11.70100
15/07/2011,11.71780
18/07/2011,11.78770
19/07/2011,11.69640
20/07/2011,11.66380
21/07/2011,11.61740
22/07/2011,11.63930
25/07/2011,11.66410
26/07/2011,11.61720
27/07/2011,11.65270
28/07/2011,11.68210
29/07/2011,11.74250
01/08/2011,11.75140
02/08/2011,11.76570
03/08/2011,11.84730
04/08/2011,11.95230
05/08/2011,11.97940
08/08/2011,12.18450
09/08/2011,12.37100
10/08/2011,12.32210
11/08/2011,12.38990
12/08/2011,12.29920
15/08/2011,12.24240
16/08/2011,12.26310
17/08/2011,12.16510
18/08/2011,12.36850
19/08/2011,12.23860
22/08/2011,12.29480
23/08/2011,12.33570
24/08/2011,12.39520
25/08/2011,12.42590
26/08/2011,12.49530
29/08/2011,12.41480
30/08/2011,12.48380
31/08/2011,12.34800
01/09/2011,12.26160
02/09/2011,12.37350
05/09/2011,12.53530
06/09/2011,12.51020
07/09/2011,12.46610
08/09/2011,12.49560
09/09/2011,12.63240
12/09/2011,12.76870
13/09/2011,12.89940
14/09/2011,12.96460
15/09/2011,12.91270
19/09/2011,13.18600
20/09/2011,13.16690
21/09/2011,13.40450
22/09/2011,13.89170
23/09/2011,13.77880
26/09/2011,13.66770
27/09/2011,13.34140
28/09/2011,13.42170
29/09/2011,13.45670
30/09/2011,13.79940
03/10/2011,13.89670
04/10/2011,13.97140
05/10/2011,13.66750
06/10/2011,13.53410
07/10/2011,13.31430
10/10/2011,13.27510
11/10/2011,13.32660
12/10/2011,13.22130
13/10/2011,13.36470
14/10/2011,13.27110
17/10/2011,13.29520
18/10/2011,13.44450
19/10/2011,13.37330
20/10/2011,13.66280
21/10/2011,13.59960
24/10/2011,13.48890
25/10/2011,13.44590
26/10/2011,13.49140
27/10/2011,13.19730
28/10/2011,13.11320
31/10/2011,13.18020
01/11/2011,13.62820
03/11/2011,13.41280
04/11/2011,13.46980
07/11/2011,13.45040
08/11/2011,13.38520
09/11/2011,13.52520
10/11/2011,13.56220
11/11/2011,13.41650
14/11/2011,13.51220
15/11/2011,13.56720
16/11/2011,13.58470
17/11/2011,13.63750
18/11/2011,13.70330
22/11/2011,13.98120
23/11/2011,14.12910
24/11/2011,14.17780
25/11/2011,14.24430
28/11/2011,14.03440
29/11/2011,13.95380
30/11/2011,13.61000
01/12/2011,13.58940
02/12/2011,13.54880
05/12/2011,13.47860
06/12/2011,13.49700
07/12/2011,13.51180
08/12/2011,13.65690
09/12/2011,13.64060
13/12/2011,13.77140
14/12/2011,13.94120
15/12/2011,13.82300
16/12/2011,13.84500
19/12/2011,13.85420
20/12/2011,13.77200
21/12/2011,13.85260
22/12/2011,13.81690
23/12/2011,13.81630
26/12/2011,13.84830
27/12/2011,13.96580
28/12/2011,13.99040
29/12/2011,13.97870
30/12/2011,13.94760
02/01/2012,13.93420
03/01/2012,13.68820
04/01/2012,13.71440
05/01/2012,13.74090
06/01/2012,13.72280
09/01/2012,13.74370
10/01/2012,13.62040
11/01/2012,13.65920
12/01/2012,13.59820
13/01/2012,13.62630
16/01/2012,13.54010
17/01/2012,13.46210
18/01/2012,13.32670
19/01/2012,13.25160
20/01/2012,13.22400
23/01/2012,13.13830
24/01/2012,13.17120
25/01/2012,13.13190
26/01/2012,12.93250
27/01/2012,12.95040
30/01/2012,13.00630
31/01/2012,13.00770
01/02/2012,12.89000
02/02/2012,12.80380
03/02/2012,12.71200
07/02/2012,12.64720
08/02/2012,12.68330
09/02/2012,12.72000
10/02/2012,12.78570
13/02/2012,12.73920
14/02/2012,12.77530
15/02/2012,12.76580
16/02/2012,12.88220
17/02/2012,12.78560
20/02/2012,12.67930
21/02/2012,12.74080
22/02/2012,12.82960
23/02/2012,12.82940
24/02/2012,12.86750
27/02/2012,12.87790
28/02/2012,12.85750
29/02/2012,12.78910
01/03/2012,12.77640
02/03/2012,12.77230
05/03/2012,12.83390
06/03/2012,12.97770
07/03/2012,12.94690
08/03/2012,12.78400
09/03/2012,12.62990
12/03/2012,12.71500
13/03/2012,12.63360
14/03/2012,12.67190
15/03/2012,12.65910
16/03/2012,12.66450
20/03/2012,12.69350
21/03/2012,12.68330
22/03/2012,12.83300
23/03/2012,12.80350
26/03/2012,12.67950
27/03/2012,12.67060
28/03/2012,12.80390
29/03/2012,12.84890
30/03/2012,12.80930
02/04/2012,12.76910
03/04/2012,12.73170
04/04/2012,12.81550
09/04/2012,12.99020
10/04/2012,13.15680
11/04/2012,13.13240
12/04/2012,13.07360
13/04/2012,13.14580
16/04/2012,13.21680
17/04/2012,13.08160
18/04/2012,13.13220
19/04/2012,13.22880
20/04/2012,13.11710
23/04/2012,13.20870
24/04/2012,13.13920
25/04/2012,13.16670
26/04/2012,13.20930
27/04/2012,13.01410
30/04/2012,12.99420
02/05/2012,12.96290
03/05/2012,12.97250
04/05/2012,13.13440
07/05/2012,13.16590
08/05/2012,13.33740
09/05/2012,13.51500
10/05/2012,13.44700
11/05/2012,13.49290
14/05/2012,13.67390
15/05/2012,13.73020
16/05/2012,13.77470
17/05/2012,13.79940
18/05/2012,13.78090
21/05/2012,13.79350
22/05/2012,13.72030
23/05/2012,14.03350
24/05/2012,14.00400
25/05/2012,14.01560
28/05/2012,13.94390
29/05/2012,13.91690
30/05/2012,14.07490
31/05/2012,14.30470
01/06/2012,14.39490
04/06/2012,14.24430
05/06/2012,14.23190
06/06/2012,14.11160
07/06/2012,13.93550
08/06/2012,14.03510
11/06/2012,13.96250
12/06/2012,14.00600
13/06/2012,13.97000
14/06/2012,13.99740
15/06/2012,13.91150
18/06/2012,13.91540
19/06/2012,13.70330
20/06/2012,13.72570
21/06/2012,13.76680
22/06/2012,13.84900
25/06/2012,13.95420
26/06/2012,13.86160
27/06/2012,13.66520
28/06/2012,13.65300
29/06/2012,13.40840
02/07/2012,13.39700
03/07/2012,13.31740
04/07/2012,13.36170
05/07/2012,13.35080
06/07/2012,13.49250
09/07/2012,13.45330
10/07/2012,13.29240
11/07/2012,13.32410
12/07/2012,13.47950
13/07/2012,13.34490
16/07/2012,13.28320
17/07/2012,13.22260
18/07/2012,13.12010
19/07/2012,13.19210
20/07/2012,13.29280
23/07/2012,13.52180
24/07/2012,13.67960
25/07/2012,13.65410
26/07/2012,13.44250
27/07/2012,13.28370
30/07/2012,13.26440
31/07/2012,13.28330
01/08/2012,13.28670
02/08/2012,13.39270
03/08/2012,13.13570
06/08/2012,13.07080
07/08/2012,13.18490
08/08/2012,13.18910
09/08/2012,13.11880
10/08/2012,13.10940
13/08/2012,13.14740
14/08/2012,13.13110
15/08/2012,13.16390
16/08/2012,13.14300
17/08/2012,13.17450
20/08/2012,13.12610
21/08/2012,13.08540
22/08/2012,13.17620
23/08/2012,13.12840
24/08/2012,13.17600
27/08/2012,13.17030
28/08/2012,13.18470
29/08/2012,13.27460
30/08/2012,13.41720
31/08/2012,13.25710
03/09/2012,13.19100
04/09/2012,13.17930
05/09/2012,13.12210
06/09/2012,13.04830
07/09/2012,12.99760
10/09/2012,12.99210
11/09/2012,12.99920
12/09/2012,13.03050
13/09/2012,12.97490
14/09/2012,12.74580
17/09/2012,12.74920
18/09/2012,12.81920
19/09/2012,12.82350
20/09/2012,12.90420
21/09/2012,12.83760
24/09/2012,12.91230
25/09/2012,12.82330
26/09/2012,12.91700
27/09/2012,12.85210
28/09/2012,12.86950
01/10/2012,12.81780
02/10/2012,12.83750
03/10/2012,12.85280
04/10/2012,12.75890
05/10/2012,12.69870
08/10/2012,12.84260
09/10/2012,12.86800
10/10/2012,12.91190
11/10/2012,12.87920
12/10/2012,12.89010
15/10/2012,12.81880
16/10/2012,12.80770
17/10/2012,12.79810
18/10/2012,12.82990
19/10/2012,12.85510
22/10/2012,12.85710
23/10/2012,12.97590
24/10/2012,12.98390
25/10/2012,12.96690
26/10/2012,13.01120
29/10/2012,13.09000
30/10/2012,13.04980
31/10/2012,13.09110
01/11/2012,13.03870
05/11/2012,13.04490
06/11/2012,12.97690
07/11/2012,13.04320
08/11/2012,13.11680
09/11/2012,13.17890
12/11/2012,13.19750
13/11/2012,13.22840
14/11/2012,13.23530
15/11/2012,13.25220
16/11/2012,13.20630
20/11/2012,13.02450
21/11/2012,13.03950
22/11/2012,13.01880
23/11/2012,12.97990
26/11/2012,12.99840
27/11/2012,12.98610
28/11/2012,13.03720
29/11/2012,12.96170
30/11/2012,12.92680
03/12/2012,12.93350
04/12/2012,12.96000
05/12/2012,12.92840
06/12/2012,12.91020
07/12/2012,12.84690
10/12/2012,12.79640
11/12/2012,12.75840
13/12/2012,12.78690
14/12/2012,12.77680
17/12/2012,12.76240
18/12/2012,12.72360
19/12/2012,12.73270
20/12/2012,12.77770
21/12/2012,12.89910
24/12/2012,12.97640
26/12/2012,13.00580
27/12/2012,13.01010
28/12/2012,12.98800
31/12/2012,12.96580
02/01/2013,12.74880
03/01/2013,12.74300
04/01/2013,12.75970
07/01/2013,12.76790
08/01/2013,12.80150
09/01/2013,12.75030
10/01/2013,12.65550
11/01/2013,12.64780
14/01/2013,12.65330
15/01/2013,12.65260
16/01/2013,12.63050
17/01/2013,12.58680
18/01/2013,12.65550
21/01/2013,12.70980
22/01/2013,12.68170
23/01/2013,12.66160
24/01/2013,12.62860
25/01/2013,12.69930
28/01/2013,12.78020
29/01/2013,12.71340
30/01/2013,12.74080
31/01/2013,12.70940
01/02/2013,12.63770
05/02/2013,12.62940
06/02/2013,12.66640
07/02/2013,12.71050
08/02/2013,12.73070
11/02/2013,12.77060
12/02/2013,12.73640
13/02/2013,12.71160
14/02/2013,12.69820
15/02/2013,12.68660
18/02/2013,12.69590
19/02/2013,12.68730
20/02/2013,12.66940
21/02/2013,12.76990
22/02/2013,12.75170
25/02/2013,12.70280
26/02/2013,12.86800
27/02/2013,12.83220
28/02/2013,12.77950
01/03/2013,12.80120
04/03/2013,12.78140
05/03/2013,12.73550
06/03/2013,12.73450
07/03/2013,12.78390
08/03/2013,12.66840
11/03/2013,12.53080
12/03/2013,12.46410
13/03/2013,12.39670
14/03/2013,12.45450
15/03/2013,12.43900
19/03/2013,12.43390
20/03/2013,12.39090
21/03/2013,12.38410
22/03/2013,12.37240
25/03/2013,12.35790
26/03/2013,12.35460
27/03/2013,12.36120
01/04/2013,12.34380
02/04/2013,12.27280
03/04/2013,12.32660
04/04/2013,12.31970
05/04/2013,12.23830
08/04/2013,12.15880
09/04/2013,12.13040
10/04/2013,12.11400
11/04/2013,12.06910
12/04/2013,12.08240
15/04/2013,12.17290
16/04/2013,12.16680
17/04/2013,12.23700
18/04/2013,12.24790
19/04/2013,12.22540
22/04/2013,12.32270
23/04/2013,12.24920
24/04/2013,12.27680
25/04/2013,12.12310
26/04/2013,12.15500
29/04/2013,12.13260
30/04/2013,12.14560
02/05/2013,12.17560
03/05/2013,12.08510
06/05/2013,12.10740
07/05/2013,12.07330
08/05/2013,12.03930
09/05/2013,11.98070
10/05/2013,12.10940
13/05/2013,12.14480
14/05/2013,12.14850
15/05/2013,12.23130
16/05/2013,12.23780
17/05/2013,12.31770
20/05/2013,12.32580
21/05/2013,12.34140
22/05/2013,12.31130
23/05/2013,12.47640
24/05/2013,12.52190
27/05/2013,12.48310
28/05/2013,12.52750
29/05/2013,12.63280
30/05/2013,12.77810
31/05/2013,12.80350
03/06/2013,12.78820
04/06/2013,12.73170
05/06/2013,12.81670
06/06/2013,12.90790
07/06/2013,12.71730
10/06/2013,12.85720
11/06/2013,12.88460
12/06/2013,12.84420
13/06/2013,12.78120
14/06/2013,12.69160
17/06/2013,12.73700
18/06/2013,12.88000
19/06/2013,12.86950
20/06/2013,13.40150
21/06/2013,13.40410
24/06/2013,13.39660
25/06/2013,13.24240
26/06/2013,13.18840
27/06/2013,13.02350
28/06/2013,13.02790
01/07/2013,12.91310
02/07/2013,12.98500
03/07/2013,13.03770
04/07/2013,12.89020
05/07/2013,13.05670
08/07/2013,12.92670
09/07/2013,12.86540
10/07/2013,12.94940
11/07/2013,12.85990
12/07/2013,12.82340
15/07/2013,12.73870
16/07/2013,12.62990
17/07/2013,12.54550
18/07/2013,12.49760
19/07/2013,12.54990
22/07/2013,12.50540
23/07/2013,12.50930
24/07/2013,12.63300
25/07/2013,12.64680
26/07/2013,12.70910
29/07/2013,12.73210
30/07/2013,12.76350
31/07/2013,12.84640
01/08/2013,12.80680
02/08/2013,12.69040
05/08/2013,12.67590
06/08/2013,12.64450
07/08/2013,12.69890
08/08/2013,12.64600
09/08/2013,12.58890
12/08/2013,12.56660
13/08/2013,12.75450
14/08/2013,12.72550
15/08/2013,12.86250
16/08/2013,12.87220
19/08/2013,13.01240
20/08/2013,13.00640
21/08/2013,13.14240
22/08/2013,13.14860
23/08/2013,12.99790
26/08/2013,13.10900
27/08/2013,13.33660
28/08/2013,13.25390
29/08/2013,13.31040
30/08/2013,13.34150
02/09/2013,13.30700
03/09/2013,13.43940
04/09/2013,13.30650
05/09/2013,13.40790
06/09/2013,13.24130
09/09/2013,13.14710
10/09/2013,13.11190
11/09/2013,13.09380
12/09/2013,13.08540
13/09/2013,13.05400
17/09/2013,12.92410
18/09/2013,12.96870
19/09/2013,12.71790
20/09/2013,12.76850
23/09/2013,12.78460
24/09/2013,12.87540
25/09/2013,12.95300
26/09/2013,13.01190
27/09/2013,13.14500
30/09/2013,13.17470
01/10/2013,13.12940
02/10/2013,13.15930
03/10/2013,13.26630
04/10/2013,13.09760
07/10/2013,13.09590
08/10/2013,13.14170
09/10/2013,13.21260
10/10/2013,13.09130
11/10/2013,13.05140
14/10/2013,13.04920
15/10/2013,12.97250
16/10/2013,12.88160
17/10/2013,12.77170
18/10/2013,12.79880
21/10/2013,12.93140
22/10/2013,12.87130
23/10/2013,12.94330
24/10/2013,12.99160
25/10/2013,12.86930
28/10/2013,12.89480
29/10/2013,12.89030
30/10/2013,12.86400
31/10/2013,13.00670
01/11/2013,13.07890
04/11/2013,12.98690
05/11/2013,13.13410
06/11/2013,13.13880
07/11/2013,13.19120
08/11/2013,13.24120
11/11/2013,13.23140
12/11/2013,13.18790
13/11/2013,13.10300
14/11/2013,13.01730
15/11/2013,12.95240
19/11/2013,12.88690
20/11/2013,12.96970
21/11/2013,13.06170
22/11/2013,13.02230
25/11/2013,13.02670
26/11/2013,13.07450
27/11/2013,13.09250
28/11/2013,13.08360
29/11/2013,13.11010
02/12/2013,13.20410
03/12/2013,13.23720
04/12/2013,13.08260
05/12/2013,13.00570
06/12/2013,12.92990
09/12/2013,12.86120
10/12/2013,12.85740
11/12/2013,12.93420
13/12/2013,12.95150
16/12/2013,12.94390
17/12/2013,12.95750
18/12/2013,12.99370
19/12/2013,12.97300
20/12/2013,12.95740
23/12/2013,12.96100
24/12/2013,13.02000
26/12/2013,13.05470
27/12/2013,13.07650
30/12/2013,13.06520
31/12/2013,13.08430
02/01/2014,13.10110
03/01/2014,13.09110
06/01/2014,13.09050
07/01/2014,13.03370
08/01/2014,13.08460
09/01/2014,13.14030
10/01/2014,13.00650
13/01/2014,12.98890
14/01/2014,13.09560
15/01/2014,13.16890
16/01/2014,13.29070
17/01/2014,13.27370
20/01/2014,13.24200
21/01/2014,13.29840
22/01/2014,13.31940
23/01/2014,13.37220
24/01/2014,13.49300
27/01/2014,13.44080
28/01/2014,13.31040
29/01/2014,13.36710
30/01/2014,13.32070
31/01/2014,13.37690
04/02/2014,13.39280
05/02/2014,13.37050
06/02/2014,13.22110
07/02/2014,13.32850
10/02/2014,13.31340
11/02/2014,13.29160
12/02/2014,13.30560
13/02/2014,13.33200
14/02/2014,13.24770
17/02/2014,13.19490
18/02/2014,13.22610
19/02/2014,13.27140
20/02/2014,13.29130
21/02/2014,13.27040
24/02/2014,13.20900
25/02/2014,13.22480
26/02/2014,13.29920
27/02/2014,13.30660
28/02/2014,13.23790
03/03/2014,13.32010
04/03/2014,13.27520
05/03/2014,13.25190
06/03/2014,13.14760
07/03/2014,13.17950
10/03/2014,13.22480
11/03/2014,13.24300
12/03/2014,13.26590
13/03/2014,13.24560
14/03/2014,13.23400
18/03/2014,13.16750
19/03/2014,13.16950
20/03/2014,13.27030
21/03/2014,13.22000
24/03/2014,13.20190
25/03/2014,13.13490
26/03/2014,13.12730
27/03/2014,13.08370
28/03/2014,13.08410
31/03/2014,13.05490
01/04/2014,13.03130
02/04/2014,13.09910
03/04/2014,13.13240
04/04/2014,13.03450
07/04/2014,13.01790
08/04/2014,12.96420
09/04/2014,13.06040
10/04/2014,13.04530
11/04/2014,13.07880
14/04/2014,13.04930
15/04/2014,13.09860
16/04/2014,13.06030
21/04/2014,13.04130
22/04/2014,13.04480
23/04/2014,13.09080
24/04/2014,13.10100
25/04/2014,13.13710
28/04/2014,13.13560
29/04/2014,13.10390
30/04/2014,13.09010
02/05/2014,12.99810
05/05/2014,13.01020
06/05/2014,13.01290
07/05/2014,12.98760
08/05/2014,12.94770
09/05/2014,12.98430
12/05/2014,12.95340
13/05/2014,12.92340
14/05/2014,12.89930
15/05/2014,12.97550
16/05/2014,12.91930
19/05/2014,12.89440
20/05/2014,12.94250
21/05/2014,12.91320
22/05/2014,12.88010
23/05/2014,12.86560
26/05/2014,12.86160
27/05/2014,12.87720
28/05/2014,12.86600
29/05/2014,12.84620
30/05/2014,12.86090
02/06/2014,12.91080
03/06/2014,12.94470
04/06/2014,12.95270
05/06/2014,12.88680
06/06/2014,12.89810
09/06/2014,12.99120
10/06/2014,13.04860
11/06/2014,13.03060
12/06/2014,12.98150
13/06/2014,13.01640
16/06/2014,13.03230
17/06/2014,13.10070
18/06/2014,13.06720
19/06/2014,12.98850
20/06/2014,13.01240
23/06/2014,13.00560
24/06/2014,13.02180
25/06/2014,13.01740
26/06/2014,13.03230
27/06/2014,13.00020
30/06/2014,12.97120
01/07/2014,12.96050
02/07/2014,12.96730
03/07/2014,12.98290
04/07/2014,12.97680
07/07/2014,12.99490
08/07/2014,13.00060
09/07/2014,12.97800
10/07/2014,13.00150
11/07/2014,12.98500
14/07/2014,12.97550
15/07/2014,12.96110
16/07/2014,12.93900
17/07/2014,12.94540
18/07/2014,12.95880
21/07/2014,12.97510
22/07/2014,12.93930
23/07/2014,12.92860
24/07/2014,12.95720
25/07/2014,12.94450
28/07/2014,12.98780
29/07/2014,13.05780
30/07/2014,13.13570
31/07/2014,13.22690
01/08/2014,13.19320
04/08/2014,13.19620
05/08/2014,13.27160
06/08/2014,13.25800
07/08/2014,13.25510
08/08/2014,13.23600
11/08/2014,13.19980
12/08/2014,13.15900
13/08/2014,13.11130
14/08/2014,13.07170
15/08/2014,13.07480
18/08/2014,13.05050
19/08/2014,13.05320
20/08/2014,13.08140
21/08/2014,13.09630
22/08/2014,13.13280
25/08/2014,13.13830
26/08/2014,13.10590
27/08/2014,13.08110
28/08/2014,13.11090
29/08/2014,13.07630
01/09/2014,13.08330
02/09/2014,13.12990
03/09/2014,13.08920
04/09/2014,13.09590
05/09/2014,13.07880
08/09/2014,13.08130
09/09/2014,13.21620
10/09/2014,13.21440
11/09/2014,13.21440
12/09/2014,13.26440
15/09/2014,13.22230
17/09/2014,13.17620
18/09/2014,13.24020
19/09/2014,13.23690
22/09/2014,13.25660
23/09/2014,13.27680
24/09/2014,13.30150
25/09/2014,13.38480
26/09/2014,13.45410
29/09/2014,13.48910
30/09/2014,13.43300
01/10/2014,13.44550
02/10/2014,13.40260
03/10/2014,13.48350
06/10/2014,13.40890
07/10/2014,13.43320
08/10/2014,13.47860
09/10/2014,13.37890
10/10/2014,13.43310
13/10/2014,13.42030
14/10/2014,13.40940
15/10/2014,13.54230
16/10/2014,13.56160
17/10/2014,13.52310
20/10/2014,13.53570
21/10/2014,13.49890
22/10/2014,13.55590
23/10/2014,13.52880
24/10/2014,13.52630
27/10/2014,13.57010
28/10/2014,13.48430
29/10/2014,13.42390
30/10/2014,13.43160
31/10/2014,13.47730
03/11/2014,13.55030
04/11/2014,13.59250
05/11/2014,13.60700
06/11/2014,13.61730
07/11/2014,13.55730
10/11/2014,13.55280
11/11/2014,13.58740
12/11/2014,13.56130
13/11/2014,13.59950
14/11/2014,13.53480
18/11/2014,13.54450
19/11/2014,13.61460
20/11/2014,13.61150
21/11/2014,13.61520
24/11/2014,13.63740
25/11/2014,13.64200
26/11/2014,13.72190
27/11/2014,13.76670
28/11/2014,13.89650
01/12/2014,13.92620
02/12/2014,14.07600
03/12/2014,14.09180
04/12/2014,14.11650
05/12/2014,14.30450
08/12/2014,14.40420
09/12/2014,14.36740
10/12/2014,14.51810
11/12/2014,14.66480
15/12/2014,14.78530
16/12/2014,14.74990
17/12/2014,14.60280
18/12/2014,14.55620
19/12/2014,14.63780
22/12/2014,14.63590
23/12/2014,14.70080
24/12/2014,14.74290
26/12/2014,14.69550
29/12/2014,14.71800
30/12/2014,14.73480
31/12/2014,14.74140
02/01/2015,14.82900
05/01/2015,14.94690
06/01/2015,14.84790
07/01/2015,14.79360
08/01/2015,14.62740
09/01/2015,14.58040
12/01/2015,14.63980
13/01/2015,14.55590
14/01/2015,14.56440
15/01/2015,14.58210
16/01/2015,14.62230
19/01/2015,14.65240
20/01/2015,14.64840
21/01/2015,14.69830
22/01/2015,14.61200
23/01/2015,14.64990
26/01/2015,14.58870
27/01/2015,14.58720
28/01/2015,14.68780
29/01/2015,14.84140
30/01/2015,14.98850
03/02/2015,14.75660
04/02/2015,14.80110
05/02/2015,14.75480
06/02/2015,14.90240
09/02/2015,14.80140
10/02/2015,14.93090
11/02/2015,15.10990
12/02/2015,14.91670
13/02/2015,14.86050
16/02/2015,14.89790
17/02/2015,14.89710
18/02/2015,14.94730
19/02/2015,14.95830
20/02/2015,15.07570
23/02/2015,15.08320
24/02/2015,14.97120
25/02/2015,14.92280
26/02/2015,14.96240
27/02/2015,14.95530
02/03/2015,14.98620
03/03/2015,14.95440
04/03/2015,15.07560
05/03/2015,15.16860
06/03/2015,15.44450
09/03/2015,15.45440
10/03/2015,15.58370
11/03/2015,15.44550
12/03/2015,15.40030
13/03/2015,15.48920
17/03/2015,15.42710
18/03/2015,15.41920
19/03/2015,15.29600
20/03/2015,15.03170
23/03/2015,14.96440
24/03/2015,14.93470
25/03/2015,14.95240
26/03/2015,15.10560
27/03/2015,15.15420
30/03/2015,15.24270
31/03/2015,15.26470
01/04/2015,15.12060
06/04/2015,14.80030
07/04/2015,14.90390
08/04/2015,14.90720
09/04/2015,15.05540
10/04/2015,15.17060
13/04/2015,15.29470
14/04/2015,15.23390
15/04/2015,15.38910
16/04/2015,15.24550
17/04/2015,15.31280
20/04/2015,15.39730
21/04/2015,15.38370
22/04/2015,15.45180
23/04/2015,15.35390
24/04/2015,15.38340
27/04/2015,15.32130
28/04/2015,15.22250
29/04/2015,15.20430
30/04/2015,15.37140
04/05/2015,15.49400
05/05/2015,15.32250
06/05/2015,15.28250
07/05/2015,15.33970
08/05/2015,15.14240
11/05/2015,15.26240
12/05/2015,15.32110
13/05/2015,15.22130
14/05/2015,15.12350
15/05/2015,15.02250
18/05/2015,15.12000
19/05/2015,15.20080
20/05/2015,15.21200
21/05/2015,15.23260
22/05/2015,15.29180
25/05/2015,15.26350
26/05/2015,15.32350
27/05/2015,15.35810
28/05/2015,15.37370
29/05/2015,15.38150
01/06/2015,15.48450
02/06/2015,15.41280
03/06/2015,15.48330
04/06/2015,15.53470
05/06/2015,15.69580
08/06/2015,15.67150
09/06/2015,15.56450
10/06/2015,15.47790
11/06/2015,15.44090
12/06/2015,15.41290
15/06/2015,15.43270
16/06/2015,15.41920
17/06/2015,15.41990
18/06/2015,15.28280
19/06/2015,15.32740
22/06/2015,15.30720
23/06/2015,15.40880
24/06/2015,15.45550
25/06/2015,15.48160
26/06/2015,15.56760
29/06/2015,15.65990
30/06/2015,15.68540
01/07/2015,15.78290
02/07/2015,15.68210
03/07/2015,15.69180
06/07/2015,15.75300
07/07/2015,15.82810
08/07/2015,15.81740
09/07/2015,15.78560
10/07/2015,15.73290
13/07/2015,15.74040
14/07/2015,15.67280
15/07/2015,15.74700
16/07/2015,15.80140
17/07/2015,15.91210
20/07/2015,15.98560
21/07/2015,15.97280
22/07/2015,16.09500
23/07/2015,16.09880
24/07/2015,16.23640
27/07/2015,16.26810
28/07/2015,16.26380
29/07/2015,16.21400
30/07/2015,16.45120
31/07/2015,16.07720
03/08/2015,16.11290
04/08/2015,16.17360
05/08/2015,16.37620
06/08/2015,16.35330
07/08/2015,16.16450
10/08/2015,16.16520
11/08/2015,16.32410
12/08/2015,16.29760
13/08/2015,16.35410
14/08/2015,16.36580
17/08/2015,16.39930
18/08/2015,16.43170
19/08/2015,16.49080
20/08/2015,16.71820
21/08/2015,16.91710
24/08/2015,17.09750
25/08/2015,16.98590
26/08/2015,17.10650
27/08/2015,16.88630
28/08/2015,16.76840
31/08/2015,16.78290
01/09/2015,16.86920
02/09/2015,16.94440
03/09/2015,16.79180
04/09/2015,16.84540
07/09/2015,16.98800
08/09/2015,16.79790
09/09/2015,16.77730
10/09/2015,16.81030
11/09/2015,16.82610
14/09/2015,16.81680
15/09/2015,16.77160
17/09/2015,16.56800
18/09/2015,16.53900
21/09/2015,16.68650
22/09/2015,16.87130
23/09/2015,17.04530
24/09/2015,17.11490
25/09/2015,16.95950
28/09/2015,17.00730
29/09/2015,17.07710
30/09/2015,16.90530
01/10/2015,16.85660
02/10/2015,16.81620
05/10/2015,16.69410
06/10/2015,16.68780
07/10/2015,16.57620
08/10/2015,16.54640
09/10/2015,16.41800
12/10/2015,16.42190
13/10/2015,16.58480
14/10/2015,16.58040
15/10/2015,16.42500
16/10/2015,16.39590
19/10/2015,16.48990
20/10/2015,16.56180
21/10/2015,16.66000
22/10/2015,16.52840
23/10/2015,16.51380
26/10/2015,16.49980
27/10/2015,16.55450
28/10/2015,16.45030
29/10/2015,16.62190
30/10/2015,16.52440
03/11/2015,16.41960
04/11/2015,16.51470
05/11/2015,16.59590
06/11/2015,16.83820
09/11/2015,16.87000
10/11/2015,16.76580
11/11/2015,16.71730
12/11/2015,16.74060
13/11/2015,16.73950
17/11/2015,16.75700
18/11/2015,16.76360
19/11/2015,16.57480
20/11/2015,16.51200
23/11/2015,16.53060
24/11/2015,16.47050
25/11/2015,16.55480
26/11/2015,16.54920
27/11/2015,16.57840
30/11/2015,16.58560
01/12/2015,16.51040
02/12/2015,16.59330
03/12/2015,16.70950
04/12/2015,16.67570
07/12/2015,16.90440
08/12/2015,17.01640
09/12/2015,17.01600
10/12/2015,17.07500
11/12/2015,17.35920
14/12/2015,17.37760
15/12/2015,17.15290
16/12/2015,17.13600
17/12/2015,17.10000
18/12/2015,17.01390
21/12/2015,17.10340
22/12/2015,17.18470
23/12/2015,17.19530
24/12/2015,17.27600
28/12/2015,17.27100
29/12/2015,17.20650
30/12/2015,17.33980
31/12/2015,17.24870
04/01/2016,17.35290
05/01/2016,17.34560
06/01/2016,17.44110
07/01/2016,17.65680
08/01/2016,17.92830
11/01/2016,17.93040
12/01/2016,17.91190
13/01/2016,17.85000
14/01/2016,17.91210
15/01/2016,18.21080
18/01/2016,18.23270
19/01/2016,18.19470
20/01/2016,18.60800
21/01/2016,18.50840
22/01/2016,18.42800
25/01/2016,18.53520
26/01/2016,18.47150
27/01/2016,18.45300
28/01/2016,18.29060
29/01/2016,18.19350
02/02/2016,18.49020
03/02/2016,18.45370
04/02/2016,18.18910
05/02/2016,18.37480
08/02/2016,18.69590
09/02/2016,18.78180
10/02/2016,18.80890
11/02/2016,19.17540
12/02/2016,19.03920
15/02/2016,18.84710
16/02/2016,18.81480
17/02/2016,18.38950
18/02/2016,18.14390
19/02/2016,18.27620
22/02/2016,18.05680
23/02/2016,18.19480
24/02/2016,18.28930
25/02/2016,18.16800
26/02/2016,18.17060
29/02/2016,18.10200
01/03/2016,17.94320
02/03/2016,17.85610
03/03/2016,17.89710
04/03/2016,17.77230
07/03/2016,17.75260
08/03/2016,17.90440
09/03/2016,17.75230
10/03/2016,17.86010
11/03/2016,17.70020
14/03/2016,17.76910
15/03/2016,17.92600
16/03/2016,17.93080
17/03/2016,17.40340
18/03/2016,17.29950
22/03/2016,17.33610
23/03/2016,17.52730
28/03/2016,17.46100
29/03/2016,17.40150
30/03/2016,17.25090
31/03/2016,17.23700
01/04/2016,17.33380
04/04/2016,17.44840
05/04/2016,17.72520
06/04/2016,17.72860
07/04/2016,17.89300
08/04/2016,17.73910
11/04/2016,17.64520
12/04/2016,17.57190
13/04/2016,17.49000
14/04/2016,17.38800
15/04/2016,17.56690
18/04/2016,17.45980
19/04/2016,17.28250
20/04/2016,17.30780
21/04/2016,17.42020
22/04/2016,17.43590
25/04/2016,17.58660
26/04/2016,17.42980
27/04/2016,17.39930
28/04/2016,17.21250
29/04/2016,17.17670
02/05/2016,17.22790
03/05/2016,17.52340
04/05/2016,17.73580
05/05/2016,17.78660
06/05/2016,17.92040
09/05/2016,18.10330
10/05/2016,18.02050
11/05/2016,17.95490
12/05/2016,17.99150
13/05/2016,18.15620
16/05/2016,18.17950
17/05/2016,18.32170
18/05/2016,18.37610
19/05/2016,18.54650
20/05/2016,18.38260
23/05/2016,18.44440
24/05/2016,18.46940
25/05/2016,18.45200
26/05/2016,18.45720
27/05/2016,18.45270
30/05/2016,18.47770
31/05/2016,18.41180
01/06/2016,18.52990
02/06/2016,18.60970
03/06/2016,18.62830
06/06/2016,18.58890
07/06/2016,18.50670
08/06/2016,18.14910
09/06/2016,18.27420
10/06/2016,18.50460
13/06/2016,18.79150
14/06/2016,18.98140
15/06/2016,18.86720
16/06/2016,18.99680
17/06/2016,18.85270
20/06/2016,18.65590
21/06/2016,18.64440
22/06/2016,18.53250
23/06/2016,18.32070
24/06/2016,18.87160
27/06/2016,19.12830
28/06/2016,18.91130
29/06/2016,18.55500
30/06/2016,18.46460
01/07/2016,18.30900
04/07/2016,18.38580
05/07/2016,18.75360
06/07/2016,18.81610
07/07/2016,18.86070
08/07/2016,18.59910
11/07/2016,18.45970
12/07/2016,18.30060
13/07/2016,18.39370
14/07/2016,18.30610
15/07/2016,18.49200
18/07/2016,18.48790
19/07/2016,18.57190
20/07/2016,18.57290
21/07/2016,18.60220
22/07/2016,18.60890
25/07/2016,18.75690
26/07/2016,18.81140
27/07/2016,18.86020
28/07/2016,18.89790
29/07/2016,18.78370
01/08/2016,18.85040
02/08/2016,18.89660
03/08/2016,18.91170
04/08/2016,18.86120
05/08/2016,18.86910
08/08/2016,18.57160
09/08/2016,18.38420
10/08/2016,18.34790
11/08/2016,18.26780
12/08/2016,18.24550
15/08/2016,18.03630
16/08/2016,17.98690
17/08/2016,18.25980
18/08/2016,18.08320
19/08/2016,18.26740
22/08/2016,18.30230
23/08/2016,18.32020
24/08/2016,18.49710
25/08/2016,18.44600
26/08/2016,18.28300
29/08/2016,18.57730
30/08/2016,18.79530
31/08/2016,18.86110
01/09/2016,18.85230
02/09/2016,18.65890
05/09/2016,18.55810
06/09/2016,18.35240
07/09/2016,18.36890
08/09/2016,18.54270
09/09/2016,18.84510
12/09/2016,19.06460
13/09/2016,19.15200
14/09/2016,19.22750
15/09/2016,19.25140
19/09/2016,19.60970
20/09/2016,19.77700
21/09/2016,19.83940
22/09/2016,19.59650
23/09/2016,19.72110
26/09/2016,19.83220
27/09/2016,19.50440
28/09/2016,19.50020
29/09/2016,19.40860
30/09/2016,19.37760
03/10/2016,19.32110
04/10/2016,19.21380
05/10/2016,19.25540
06/10/2016,19.24330
07/10/2016,19.29940
10/10/2016,18.87860
11/10/2016,18.95310
12/10/2016,18.96220
13/10/2016,19.03990
14/10/2016,19.00460
17/10/2016,18.87230
18/10/2016,18.67260
19/10/2016,18.58940
20/10/2016,18.59450
21/10/2016,18.64810
24/10/2016,18.56580
25/10/2016,18.51470
26/10/2016,18.64850
27/10/2016,18.84430
28/10/2016,18.73040
31/10/2016,18.88870
01/11/2016,19.13060
03/11/2016,19.20140
04/11/2016,19.07920
07/11/2016,18.61920
08/11/2016,18.50890
09/11/2016,19.92500
10/11/2016,20.48120
11/11/2016,21.05110
14/11/2016,20.87290
15/11/2016,20.34900
16/11/2016,20.28840
17/11/2016,20.18980
18/11/2016,20.41930
22/11/2016,20.52050
23/11/2016,20.69010
24/11/2016,20.70510
25/11/2016,20.64750
28/11/2016,20.55210
29/11/2016,20.62250
30/11/2016,20.51550
01/12/2016,20.74880
02/12/2016,20.61490
05/12/2016,20.59270
06/12/2016,20.38630
07/12/2016,20.29670
08/12/2016,20.41620
09/12/2016,20.33050
13/12/2016,20.25670
14/12/2016,20.22260
15/12/2016,20.59730
16/12/2016,20.42800
19/12/2016,20.40980
20/12/2016,20.43000
21/12/2016,20.49210
22/12/2016,20.71790
23/12/2016,20.62710
26/12/2016,20.64450
27/12/2016,20.70520
28/12/2016,20.73140
29/12/2016,20.66400
30/12/2016,20.61940
02/01/2017,20.73230
03/01/2017,20.85200
04/01/2017,21.37990
05/01/2017,21.36610
06/01/2017,21.31440
09/01/2017,21.32190
10/01/2017,21.61680
11/01/2017,21.90760
12/01/2017,21.72040
13/01/2017,21.63300
16/01/2017,21.66430
17/01/2017,21.57380
18/01/2017,21.85140
19/01/2017,21.90440
20/01/2017,21.70020
23/01/2017,21.45120
24/01/2017,21.36920
25/01/2017,21.34390
26/01/2017,21.20240
27/01/2017,21.02120
30/01/2017,20.75880
31/01/2017,20.79080
01/02/2017,20.77520
02/02/2017,20.57570
03/02/2017,20.34390
07/02/2017,20.63700
08/02/2017,20.49940
09/02/2017,20.41630
10/02/2017,20.35350
13/02/2017,20.32800
14/02/2017,20.35070
15/02/2017,20.32540
16/02/2017,20.33250
17/02/2017,20.45260
20/02/2017,20.40590
21/02/2017,20.44890
22/02/2017,19.91270
23/02/2017,19.70110
24/02/2017,19.83350
27/02/2017,19.83220
28/02/2017,19.99570
01/03/2017,19.90070
02/03/2017,19.93730
03/03/2017,19.61470
06/03/2017,19.55380
07/03/2017,19.52100
08/03/2017,19.60070
09/03/2017,19.79740
10/03/2017,19.62790
13/03/2017,19.58030
14/03/2017,19.65430
15/03/2017,19.44930
16/03/2017,19.17300
17/03/2017,19.11700
21/03/2017,19.10700
22/03/2017,19.08370
23/03/2017,18.98770
24/03/2017,18.85280
27/03/2017,18.86610
28/03/2017,18.88530
29/03/2017,18.80920
30/03/2017,18.70790
31/03/2017,18.79550
03/04/2017,18.73200
04/04/2017,18.83340
05/04/2017,18.71920
06/04/2017,18.76960
07/04/2017,18.65600
10/04/2017,18.69230
11/04/2017,18.76460
12/04/2017,18.75280
17/04/2017,18.55820
18/04/2017,18.48630
19/04/2017,18.83740
20/04/2017,18.81870
21/04/2017,18.84130
24/04/2017,18.65210
25/04/2017,18.92250
26/04/2017,19.11190
27/04/2017,19.06700
28/04/2017,18.95940
02/05/2017,18.77310
03/05/2017,18.80310
04/05/2017,19.00190
05/05/2017,19.01370
08/05/2017,19.11640
09/05/2017,19.13640
10/05/2017,18.95870
11/05/2017,18.90390
12/05/2017,18.75940
15/05/2017,18.67000
16/05/2017,18.61830
17/05/2017,18.67610
18/05/2017,18.88980
19/05/2017,18.68590
22/05/2017,18.66330
23/05/2017,18.61500
24/05/2017,18.56890
25/05/2017,18.41850
26/05/2017,18.48490
29/05/2017,18.51210
30/05/2017,18.66430
31/05/2017,18.69090
01/06/2017,18.59410
02/06/2017,18.62040
05/06/2017,18.38190
06/06/2017,18.27620
07/06/2017,18.22780
08/06/2017,18.19460
09/06/2017,18.19390
12/06/2017,18.18020
13/06/2017,18.07250
14/06/2017,17.93430
15/06/2017,18.11540
16/06/2017,17.93210
19/06/2017,17.95190
20/06/2017,18.11670
21/06/2017,18.15700
22/06/2017,18.12700
23/06/2017,17.99000
26/06/2017,17.87750
27/06/2017,17.98620
28/06/2017,17.89730
29/06/2017,18.02790
30/06/2017,18.06260
03/07/2017,18.20640
04/07/2017,18.20360
05/07/2017,18.35560
06/07/2017,18.32270
07/07/2017,18.13940
10/07/2017,17.97510
11/07/2017,17.94820
12/07/2017,17.77080
13/07/2017,17.74220
14/07/2017,17.56130
17/07/2017,17.58360
18/07/2017,17.51340
19/07/2017,17.49370
20/07/2017,17.52600
21/07/2017,17.56180
24/07/2017,17.68930
25/07/2017,17.74920
26/07/2017,17.75610
27/07/2017,17.68860
28/07/2017,17.74350
31/07/2017,17.86460
01/08/2017,17.81080
02/08/2017,17.86960
03/08/2017,17.87330
04/08/2017,17.87980
07/08/2017,17.96410
08/08/2017,17.91600
09/08/2017,17.96710
10/08/2017,17.90730
11/08/2017,17.84700
14/08/2017,17.77550
15/08/2017,17.84830
16/08/2017,17.71600
17/08/2017,17.73240
18/08/2017,17.85840
21/08/2017,17.65010
22/08/2017,17.64580
23/08/2017,17.71130
24/08/2017,17.69770
25/08/2017,17.62050
28/08/2017,17.80490
29/08/2017,17.87600
30/08/2017,17.77530
31/08/2017,17.81450
01/09/2017,17.78610
04/09/2017,17.86830
05/09/2017,17.83600
06/09/2017,17.81360
07/09/2017,17.69650
08/09/2017,17.73310
11/09/2017,17.64430
12/09/2017,17.78100
13/09/2017,17.78360
14/09/2017,17.72780
15/09/2017,17.68570
18/09/2017,17.76100
19/09/2017,17.76430
20/09/2017,17.70090
21/09/2017,17.85450
22/09/2017,17.74870
25/09/2017,17.88310
26/09/2017,17.99330
27/09/2017,18.13000
28/09/2017,18.19790
29/09/2017,18.15900
02/10/2017,18.23370
03/10/2017,18.21130
04/10/2017,18.22820
05/10/2017,18.30600
06/10/2017,18.55220
09/10/2017,18.66460
10/10/2017,18.63270
11/10/2017,18.71800
12/10/2017,18.76310
13/10/2017,18.90080
16/10/2017,19.07530
17/10/2017,19.01170
18/10/2017,18.88690
19/10/2017,18.82480
20/10/2017,19.00800
23/10/2017,19.04890
24/10/2017,19.20090
25/10/2017,19.07700
26/10/2017,19.09600
27/10/2017,19.14740
30/10/2017,19.21880
31/10/2017,19.14780
01/11/2017,19.12410
03/11/2017,19.18500
06/11/2017,19.08140
07/11/2017,19.13490
08/11/2017,19.07180
09/11/2017,19.09000
10/11/2017,19.05260
13/11/2017,19.16800
14/11/2017,19.13340
15/11/2017,19.22680
16/11/2017,19.12240
17/11/2017,18.97240
21/11/2017,18.82420
22/11/2017,18.74000
23/11/2017,18.60410
24/11/2017,18.53790
27/11/2017,18.52000
28/11/2017,18.58480
29/11/2017,18.51900
30/11/2017,18.62290
01/12/2017,18.63990
04/12/2017,18.64200
05/12/2017,18.69580
06/12/2017,18.88970
07/12/2017,18.93150
08/12/2017,18.94450
11/12/2017,18.97400
13/12/2017,19.13910
14/12/2017,19.12020
15/12/2017,19.12890
18/12/2017,19.02890
19/12/2017,19.19130
20/12/2017,19.22910
21/12/2017,19.39620
22/12/2017,19.58480
26/12/2017,19.72230
27/12/2017,19.78670
28/12/2017,19.73540
29/12/2017,19.66290
02/01/2018,19.48990
03/01/2018,19.37170
04/01/2018,19.24270
05/01/2018,19.27370
08/01/2018,19.23230
09/01/2018,19.30650
10/01/2018,19.24050
11/01/2018,19.34330
12/01/2018,19.04460
15/01/2018,18.81130
16/01/2018,18.83620
17/01/2018,18.65500
18/01/2018,18.63610
19/01/2018,18.58130
22/01/2018,18.71180
23/01/2018,18.79800
24/01/2018,18.51780
25/01/2018,18.47800
26/01/2018,18.46720
29/01/2018,18.61960
30/01/2018,18.69820
31/01/2018,18.60690
01/02/2018,18.40040
02/02/2018,18.52480
06/02/2018,18.70090
07/02/2018,18.64920
08/02/2018,18.88150
09/02/2018,18.86230
12/02/2018,18.67030
13/02/2018,18.62690
14/02/2018,18.60250
15/02/2018,18.51590
16/02/2018,18.47970
19/02/2018,18.53600
20/02/2018,18.65940
21/02/2018,18.65180
22/02/2018,18.65740
23/02/2018,18.56590
26/02/2018,18.64560
27/02/2018,18.79020
28/02/2018,18.83310
01/03/2018,18.86100
02/03/2018,18.89090
05/03/2018,18.88380
06/03/2018,18.72460
07/03/2018,18.79220
08/03/2018,18.71480
09/03/2018,18.58120
12/03/2018,18.61990
13/03/2018,18.56040
14/03/2018,18.58540
15/03/2018,18.70230
16/03/2018,18.72160
20/03/2018,18.76140
21/03/2018,18.60010
22/03/2018,18.50780
23/03/2018,18.53640
26/03/2018,18.32680
27/03/2018,18.34450
28/03/2018,18.27090
02/04/2018,18.29670
03/04/2018,18.20440
04/04/2018,18.22440
05/04/2018,18.10810
06/04/2018,18.28880
09/04/2018,18.27530
10/04/2018,18.28820
11/04/2018,18.20180
12/04/2018,18.13530
13/04/2018,18.08700
16/04/2018,18.03940
17/04/2018,17.97870
18/04/2018,18.03330
19/04/2018,18.28190
20/04/2018,18.62100
23/04/2018,18.86280
24/04/2018,18.81390
25/04/2018,19.05300
26/04/2018,18.86440
27/04/2018,18.68470
30/04/2018,18.78780
02/05/2018,19.09430
03/05/2018,19.12230
04/05/2018,19.20170
07/05/2018,19.42320
08/05/2018,19.57810
09/05/2018,19.53870
10/05/2018,19.29890
11/05/2018,19.35390
14/05/2018,19.52140
15/05/2018,19.78540
16/05/2018,19.70940
17/05/2018,19.70330
18/05/2018,19.93190
21/05/2018,19.90540
22/05/2018,19.75280
23/05/2018,19.76610
24/05/2018,19.70480
25/05/2018,19.56080
28/05/2018,19.59150
29/05/2018,19.74990
30/05/2018,19.73220
31/05/2018,19.97590
01/06/2018,19.86620
04/06/2018,19.99340
05/06/2018,20.38630
06/06/2018,20.31290
07/06/2018,20.46000
08/06/2018,20.52810
11/06/2018,20.47220
12/06/2018,20.59600
13/06/2018,20.62590
14/06/2018,20.69530
15/06/2018,20.71600
18/06/2018,20.69680
19/06/2018,20.55310
20/06/2018,20.39370
21/06/2018,20.36890
22/06/2018,20.12640
25/06/2018,20.09080
26/06/2018,19.87540
27/06/2018,20.05530
28/06/2018,19.86330
29/06/2018,19.69120
02/07/2018,20.14530
03/07/2018,19.59740
04/07/2018,19.42840
05/07/2018,19.25130
06/07/2018,19.07190
09/07/2018,19.15630
10/07/2018,19.05590
11/07/2018,18.96320
12/07/2018,18.82410
13/07/2018,18.88540
16/07/2018,18.83600
17/07/2018,18.87630
18/07/2018,18.91000
19/07/2018,19.07900
20/07/2018,19.06940
23/07/2018,19.07610
24/07/2018,18.85060
25/07/2018,18.77090
26/07/2018,18.62340
27/07/2018,18.55150
30/07/2018,18.54130
31/07/2018,18.64570
01/08/2018,18.58990
02/08/2018,18.63490
03/08/2018,18.57250
06/08/2018,18.54330
07/08/2018,18.46310
08/08/2018,18.45420
09/08/2018,18.65110
10/08/2018,18.92730
13/08/2018,19.18010
14/08/2018,18.99730
15/08/2018,19.23390
16/08/2018,19.01000
17/08/2018,19.06150
20/08/2018,19.03050
21/08/2018,18.87840
22/08/2018,18.81760
23/08/2018,18.86720
24/08/2018,18.83390
27/08/2018,18.66970
28/08/2018,18.93540
29/08/2018,19.06590
30/08/2018,19.12580
31/08/2018,19.17920
03/09/2018,19.21370
04/09/2018,19.36090
05/09/2018,19.44330
06/09/2018,19.35460
07/09/2018,19.23940
10/09/2018,19.29890
11/09/2018,19.26800
12/09/2018,19.05110
13/09/2018,18.87750
14/09/2018,18.86890
17/09/2018,18.83990
18/09/2018,18.76940
19/09/2018,18.76720
20/09/2018,18.82960
21/09/2018,18.85390
24/09/2018,18.85160
25/09/2018,18.98700
26/09/2018,18.89860
27/09/2018,18.81200
28/09/2018,18.72310
01/10/2018,18.65310
02/10/2018,18.75030
03/10/2018,18.80140
04/10/2018,19.13280
05/10/2018,18.94440
08/10/2018,18.92340
09/10/2018,19.00000
10/10/2018,19.11830
11/10/2018,19.02170
12/10/2018,18.92020
15/10/2018,18.80960
16/10/2018,18.76930
17/10/2018,18.80120
18/10/2018,19.10180
19/10/2018,19.21830
22/10/2018,19.36690
23/10/2018,19.41690
24/10/2018,19.46230
25/10/2018,19.43830
26/10/2018,19.47900
29/10/2018,19.80220
30/10/2018,20.02580
31/10/2018,20.31770
01/11/2018,20.13290
05/11/2018,19.96360
06/11/2018,19.86090
07/11/2018,19.82450
08/11/2018,20.04380
09/11/2018,20.36140
12/11/2018,20.31790
13/11/2018,20.51580
14/11/2018,20.39790
15/11/2018,20.33710
16/11/2018,20.15500
20/11/2018,20.41230
21/11/2018,20.20230
22/11/2018,20.29840
23/11/2018,20.39350
26/11/2018,20.53040
27/11/2018,20.49770
28/11/2018,20.41080
29/11/2018,20.22170
30/11/2018,20.34550
03/12/2018,20.23460
04/12/2018,20.51230
05/12/2018,20.56720
06/12/2018,20.47050
07/12/2018,20.26090
10/12/2018,20.36210
11/12/2018,20.28890
13/12/2018,20.25660
14/12/2018,20.33370
17/12/2018,20.11260
18/12/2018,20.12770
19/12/2018,20.02930
20/12/2018,19.90820
21/12/2018,19.92750
24/12/2018,19.84730
26/12/2018,19.88230
27/12/2018,19.68290
28/12/2018,19.65660
31/12/2018,19.65120
02/01/2019,19.58780
03/01/2019,19.60730
04/01/2019,19.49020
07/01/2019,19.32080
08/01/2019,19.34790
09/01/2019,19.24560
10/01/2019,19.17140
11/01/2019,19.12360
14/01/2019,19.00640
15/01/2019,19.04570
16/01/2019,18.99080
17/01/2019,19.06300
18/01/2019,19.08440
21/01/2019,19.19020
22/01/2019,19.12970
23/01/2019,19.07710
24/01/2019,18.98590
25/01/2019,18.92800
28/01/2019,19.03810
29/01/2019,18.99720
30/01/2019,19.16230
31/01/2019,19.03880
01/02/2019,19.10980
05/02/2019,19.08240
06/02/2019,19.10580
07/02/2019,19.08000
08/02/2019,19.08930
11/02/2019,19.25240
12/02/2019,19.25920
13/02/2019,19.40840
14/02/2019,19.35690
15/02/2019,19.36250
18/02/2019,19.25780
19/02/2019,19.17780
20/02/2019,19.18350
21/02/2019,19.26520
22/02/2019,19.13940
25/02/2019,19.11850
26/02/2019,19.16300
27/02/2019,19.22010
28/02/2019,19.26070
01/03/2019,19.29780
04/03/2019,19.30390
05/03/2019,19.25970
06/03/2019,19.37080
07/03/2019,19.52250
08/03/2019,19.49020
11/03/2019,19.42430
12/03/2019,19.30490
13/03/2019,19.33200
14/03/2019,19.32330
15/03/2019,19.21760
19/03/2019,19.00040
20/03/2019,18.90980
21/03/2019,18.86940
22/03/2019,19.13690
25/03/2019,19.01510
26/03/2019,19.09890
27/03/2019,19.32010
28/03/2019,19.37930
29/03/2019,19.37790
01/04/2019,19.21690
02/04/2019,19.22790
03/04/2019,19.18050
04/04/2019,19.17280
05/04/2019,19.08050
08/04/2019,18.97010
09/04/2019,18.92290
10/04/2019,18.83600
11/04/2019,18.84320
12/04/2019,18.77190
15/04/2019,18.84890
16/04/2019,18.95160
17/04/2019,18.84800
22/04/2019,18.83590
23/04/2019,18.95780
24/04/2019,19.00460
25/04/2019,19.09420
26/04/2019,18.94140
29/04/2019,19.01200
30/04/2019,19.00990
02/05/2019,19.10140
03/05/2019,19.00120
06/05/2019,18.97810
07/05/2019,19.04990
08/05/2019,19.08370
09/05/2019,19.26230
10/05/2019,19.13740
13/05/2019,19.19280
14/05/2019,19.14270
15/05/2019,19.12360
16/05/2019,19.07100
17/05/2019,19.14540
20/05/2019,19.09080
21/05/2019,19.03090
22/05/2019,18.97550
23/05/2019,19.01220
24/05/2019,19.06580
27/05/2019,19.05210
28/05/2019,19.16520
29/05/2019,19.23950
30/05/2019,19.06830
31/05/2019,19.64260
03/06/2019,19.76090
04/06/2019,19.60070
05/06/2019,19.54180
06/06/2019,19.70840
07/06/2019,19.65280
10/06/2019,19.20400
11/06/2019,19.12220
12/06/2019,19.13830
13/06/2019,19.16450
14/06/2019,19.14870
17/06/2019,19.19240
18/06/2019,19.10110
19/06/2019,19.17530
20/06/2019,18.98040
21/06/2019,19.06610
24/06/2019,19.18330
25/06/2019,19.22710
26/06/2019,19.14420
27/06/2019,19.16850
28/06/2019,19.20870
01/07/2019,19.07600
02/07/2019,19.06940
03/07/2019,19.05020
04/07/2019,18.99470
05/07/2019,19.04460
08/07/2019,18.91160
09/07/2019,19.00430
10/07/2019,19.24250
11/07/2019,19.12270
12/07/2019,19.03070
15/07/2019,18.98030
16/07/2019,19.07810
17/07/2019,19.02330
18/07/2019,19.01080
19/07/2019,19.01230
22/07/2019,19.06590
23/07/2019,19.13150
24/07/2019,19.08940
25/07/2019,19.06230
26/07/2019,19.06990
29/07/2019,19.09000
30/07/2019,19.07470
31/07/2019,18.99290
01/08/2019,19.16270
02/08/2019,19.31160
05/08/2019,19.57310
06/08/2019,19.62910
07/08/2019,19.69530
08/08/2019,19.51180
09/08/2019,19.42830
12/08/2019,19.58030
13/08/2019,19.46300
14/08/2019,19.57630
15/08/2019,19.63650
16/08/2019,19.56690
19/08/2019,19.81530
20/08/2019,19.75220
21/08/2019,19.67980
22/08/2019,19.74670
23/08/2019,19.84020
26/08/2019,19.90860
27/08/2019,19.99340
28/08/2019,20.03140
29/08/2019,20.09880
30/08/2019,20.06960
02/09/2019,20.12530
03/09/2019,20.00390
04/09/2019,19.78060
05/09/2019,19.68340
06/09/2019,19.56230
09/09/2019,19.53980
10/09/2019,19.53540
11/09/2019,19.54780
12/09/2019,19.42650
13/09/2019,19.36650
17/09/2019,19.42620
18/09/2019,19.35280
19/09/2019,19.39810
20/09/2019,19.44780
23/09/2019,19.44590
24/09/2019,19.45870
25/09/2019,19.57750
26/09/2019,19.63630
27/09/2019,19.68080
30/09/2019,19.73450
01/10/2019,19.77920
02/10/2019,19.79850
03/10/2019,19.73680
04/10/2019,19.52550
07/10/2019,19.55220
08/10/2019,19.58400
09/10/2019,19.56890
10/10/2019,19.47640
11/10/2019,19.32170
14/10/2019,19.26520
15/10/2019,19.25200
16/10/2019,19.21350
17/10/2019,19.16020
18/10/2019,19.14920
21/10/2019,19.14220
22/10/2019,19.10500
23/10/2019,19.12580
24/10/2019,19.08780
25/10/2019,19.08200
28/10/2019,19.05430
29/10/2019,19.11670
30/10/2019,19.16430
31/10/2019,19.19480
01/11/2019,19.10580
04/11/2019,19.15250
05/11/2019,19.21250
06/11/2019,19.19530
07/11/2019,19.13270
08/11/2019,19.10680
11/11/2019,19.10900
12/11/2019,19.21780
13/11/2019,19.45430
14/11/2019,19.42280
15/11/2019,19.20630
19/11/2019,19.36870
20/11/2019,19.48000
21/11/2019,19.41380
22/11/2019,19.39870
25/11/2019,19.44680
26/11/2019,19.51850
27/11/2019,19.56070
28/11/2019,19.61130
29/11/2019,19.53520
02/12/2019,19.57170
03/12/2019,19.56780
04/12/2019,19.47070
05/12/2019,19.36880
06/12/2019,19.32470
09/12/2019,19.23020
10/12/2019,19.23620
11/12/2019,19.17850
13/12/2019,19.04550
16/12/2019,18.97020
17/12/2019,18.91650
18/12/2019,18.95420
19/12/2019,18.96400
20/12/2019,18.91330
23/12/2019,18.93850
24/12/2019,18.96430
26/12/2019,18.94450
27/12/2019,18.84520
30/12/2019,18.87270
31/12/2019,18.86420
02/01/2020,18.88170
03/01/2020,18.86730
06/01/2020,18.82700
07/01/2020,18.88520
08/01/2020,18.79800
09/01/2020,18.84530
10/01/2020,18.77320
13/01/2020,18.82150
14/01/2020,18.81200
15/01/2020,18.80770
16/01/2020,18.79300
17/01/2020,18.73880
20/01/2020,18.67250
21/01/2020,18.70070
22/01/2020,18.68830
23/01/2020,18.80180
24/01/2020,18.83130
27/01/2020,18.94070
28/01/2020,18.80220
29/01/2020,18.70670
30/01/2020,18.78530
31/01/2020,18.90820
04/02/2020,18.67970
05/02/2020,18.62450
06/02/2020,18.66450
07/02/2020,18.77630
10/02/2020,18.76530
11/02/2020,18.67400
12/02/2020,18.63080
13/02/2020,18.64580
14/02/2020,18.57120
17/02/2020,18.57150
18/02/2020,18.59520
19/02/2020,18.59100
20/02/2020,18.79920
21/02/2020,18.91380
24/02/2020,19.11970
25/02/2020,19.08780
26/02/2020,19.15850
27/02/2020,19.39730
28/02/2020,19.77600
02/03/2020,19.69850
03/03/2020,19.28370
04/03/2020,19.53350
05/03/2020,19.80950
06/03/2020,20.16230
09/03/2020,21.11170
10/03/2020,21.02670
11/03/2020,21.21300
12/03/2020,22.15180
13/03/2020,21.92880
17/03/2020,23.05730
18/03/2020,23.90080
19/03/2020,24.08680
20/03/2020,24.11130
23/03/2020,25.07820
24/03/2020,25.11850
25/03/2020,24.29480
26/03/2020,23.09700
27/03/2020,23.51220
30/03/2020,24.28530
31/03/2020,23.48470
01/04/2020,24.49180
02/04/2020,24.10870
03/04/2020,24.69380
06/04/2020,24.68950
07/04/2020,24.03880
08/04/2020,24.09250
13/04/2020,23.74270
14/04/2020,23.56450
15/04/2020,24.11550
16/04/2020,24.20980
17/04/2020,23.90120
20/04/2020,24.00770
21/04/2020,24.42480
22/04/2020,24.58830
23/04/2020,24.62300
24/04/2020,24.85830
27/04/2020,24.84920
28/04/2020,24.38820
29/04/2020,24.00020
30/04/2020,23.92830
04/05/2020,24.38120
05/05/2020,23.83430
06/05/2020,24.29420
07/05/2020,24.05630
08/05/2020,23.68050
11/05/2020,23.86930
12/05/2020,24.04870
13/05/2020,24.21130
14/05/2020,24.27080
15/05/2020,23.95800
18/05/2020,23.60320
19/05/2020,23.60230
20/05/2020,23.29620
21/05/2020,22.96000
22/05/2020,22.79280
25/05/2020,22.56300
26/05/2020,22.29320
27/05/2020,22.36330
28/05/2020,22.20400
29/05/2020,22.17780
01/06/2020,22.01680
02/06/2020,21.68270
03/06/2020,21.60430
04/06/2020,21.83880
05/06/2020,21.58370
08/06/2020,21.65520
09/06/2020,21.72520
10/06/2020,21.92300
11/06/2020,22.42520
12/06/2020,22.33470
15/06/2020,22.54350
16/06/2020,22.21680
17/06/2020,22.27830
18/06/2020,22.60880
19/06/2020,22.63000
22/06/2020,22.44130
23/06/2020,22.41300
24/06/2020,22.66620
25/06/2020,22.79630
26/06/2020,22.97150
29/06/2020,23.13250
30/06/2020,23.08930
01/07/2020,22.80780
02/07/2020,22.52250
03/07/2020,22.41470
06/07/2020,22.28080
07/07/2020,22.62130
08/07/2020,22.82250
09/07/2020,22.69450
10/07/2020,22.53420
13/07/2020,22.46330
14/07/2020,22.61730
15/07/2020,22.36470
16/07/2020,22.30320
17/07/2020,22.48970
20/07/2020,22.62780
21/07/2020,22.35970
22/07/2020,22.25100
23/07/2020,22.36270
24/07/2020,22.38420
27/07/2020,22.02750
28/07/2020,21.96150
29/07/2020,21.99070
30/07/2020,22.17270
31/07/2020,22.20120
03/08/2020,22.61400
04/08/2020,22.78450
05/08/2020,22.40680
06/08/2020,22.36520
07/08/2020,22.48920
10/08/2020,22.48500
11/08/2020,22.34900
12/08/2020,22.34570
13/08/2020,22.26280
14/08/2020,22.03130
17/08/2020,22.05700
18/08/2020,22.15350
19/08/2020,22.05270
20/08/2020,22.17600
21/08/2020,22.03620
24/08/2020,21.98400
25/08/2020,21.97230
26/08/2020,21.92020
27/08/2020,22.11680
28/08/2020,21.86020
31/08/2020,21.88800
01/09/2020,21.74450
02/09/2020,21.83930
03/09/2020,21.63830
04/09/2020,21.61150
07/09/2020,21.58870
08/09/2020,21.71380
09/09/2020,21.53770
10/09/2020,21.27730
11/09/2020,21.32100
14/09/2020,21.07280
15/09/2020,21.06920
17/09/2020,20.98500
18/09/2020,20.96970
21/09/2020,21.50500
22/09/2020,21.56820
23/09/2020,22.08970
24/09/2020,22.36780
25/09/2020,22.44020
28/09/2020,22.45730
29/09/2020,22.35980
30/09/2020,22.14380
01/10/2020,21.95620
02/10/2020,21.70250
05/10/2020,21.39600
06/10/2020,21.45070
07/10/2020,21.49300
08/10/2020,21.43180
09/10/2020,21.18220
12/10/2020,21.21830
13/10/2020,21.36770
14/10/2020,21.29980
15/10/2020,21.38320
16/10/2020,21.17650
19/10/2020,21.13420
20/10/2020,21.09020
21/10/2020,21.06400
22/10/2020,21.03000
23/10/2020,20.92050
26/10/2020,20.98180
27/10/2020,20.87980
28/10/2020,21.16480
29/10/2020,21.37700
30/10/2020,21.25080
03/11/2020,21.15550
04/11/2020,21.03450
05/11/2020,20.76120
06/11/2020,20.62000
09/11/2020,20.36000
10/11/2020,20.40180
11/11/2020,20.57720
12/11/2020,20.53030
13/11/2020,20.48330
17/11/2020,20.32120
18/11/2020,20.23880
19/11/2020,20.18580
20/11/2020,20.11720
23/11/2020,20.10120
24/11/2020,20.05770
25/11/2020,20.04650
26/11/2020,20.04670
27/11/2020,20.07770
30/11/2020,20.13980
01/12/2020,20.05080
02/12/2020,20.04970
03/12/2020,19.90830
04/12/2020,19.78380
07/12/2020,19.82130
08/12/2020,19.75370
09/12/2020,19.83680
10/12/2020,19.95720
11/12/2020,20.10750
14/12/2020,20.17780
15/12/2020,20.11130
16/12/2020,19.95130
17/12/2020,19.81730
18/12/2020,19.94870
21/12/2020,20.09050
22/12/2020,20.05620
23/12/2020,20.11750
24/12/2020,19.85170
28/12/2020,20.04770
29/12/2020,19.94870
30/12/2020,19.93520
31/12/2020,19.90870
04/01/2021,19.84570
05/01/2021,19.94370
06/01/2021,19.72500
07/01/2021,19.91000
08/01/2021,19.97050
11/01/2021,20.11300
12/01/2021,19.93730
13/01/2021,19.79350
14/01/2021,19.77930
15/01/2021,19.78750
18/01/2021,19.75700
19/01/2021,19.67880
20/01/2021,19.57930
21/01/2021,19.73930
22/01/2021,19.98330
25/01/2021,20.15980
26/01/2021,20.01520
27/01/2021,20.21680
28/01/2021,20.26970
29/01/2021,20.22480
02/02/2021,20.17220
03/02/2021,20.19530
04/02/2021,20.44350
05/02/2021,20.13880
08/02/2021,20.12270
09/02/2021,20.09130
10/02/2021,20.05880
11/02/2021,19.95350
12/02/2021,19.96220
15/02/2021,19.95180
16/02/2021,20.20230
17/02/2021,20.22570
18/02/2021,20.41650
19/02/2021,20.42220
22/02/2021,20.67830
23/02/2021,20.58330
24/02/2021,20.47520
25/02/2021,20.85230
26/02/2021,20.93900
01/03/2021,20.61230
02/03/2021,20.69030
03/03/2021,20.89570
04/03/2021,20.84980
05/03/2021,21.26350
08/03/2021,21.41770
09/03/2021,21.25750
10/03/2021,20.98530
11/03/2021,20.71330
12/03/2021,20.76370
16/03/2021,20.57530
17/03/2021,20.68280
18/03/2021,20.44150
19/03/2021,20.48230
22/03/2021,20.57880
23/03/2021,20.64080
24/03/2021,20.78820
25/03/2021,20.76620
26/03/2021,20.56770
29/03/2021,20.60470
30/03/2021,20.60250
31/03/2021,20.44000
05/04/2021,20.24830
06/04/2021,20.16120
07/04/2021,20.17650
08/04/2021,20.08900
09/04/2021,20.16300
12/04/2021,20.09500
13/04/2021,20.07350
14/04/2021,20.05830
15/04/2021,19.92700
16/04/2021,19.91580
19/04/2021,19.81450
20/04/2021,19.88770
21/04/2021,19.87400
22/04/2021,19.88650
23/04/2021,19.86950
26/04/2021,19.83620
27/04/2021,19.97850
28/04/2021,19.97120
29/04/2021,20.09780
30/04/2021,20.18220
03/05/2021,20.19020
04/05/2021,20.22350
05/05/2021,20.20770
06/05/2021,20.18380
07/05/2021,19.92230
10/05/2021,19.88600
11/05/2021,19.88480
12/05/2021,20.09400
13/05/2021,20.04950
14/05/2021,19.84870
17/05/2021,19.80280
18/05/2021,19.83130
19/05/2021,19.81430
20/05/2021,19.88100
21/05/2021,19.95100
24/05/2021,19.87200
25/05/2021,19.89030
26/05/2021,19.87830
27/05/2021,19.94870
28/05/2021,19.94420
31/05/2021,19.92130
01/06/2021,19.89270
02/06/2021,19.92770
03/06/2021,20.06050
04/06/2021,19.93280
07/06/2021,19.79700
08/06/2021,19.77280
09/06/2021,19.68970
10/06/2021,19.70020
11/06/2021,19.88230
14/06/2021,19.90650
15/06/2021,20.12350
16/06/2021,20.05880
17/06/2021,20.42920
18/06/2021,20.70020
21/06/2021,20.60000
22/06/2021,20.57120
23/06/2021,20.25050
24/06/2021,20.04830
25/06/2021,19.79300
28/06/2021,19.80270
29/06/2021,19.81570
30/06/2021,19.90620
01/07/2021,20.03680
02/07/2021,19.88170
05/07/2021,19.85320
06/07/2021,19.96580
07/07/2021,19.99150
08/07/2021,20.00700
09/07/2021,19.88000
12/07/2021,19.85770
13/07/2021,19.99880
14/07/2021,19.89920
15/07/2021,19.94120
16/07/2021,19.85370
19/07/2021,20.00000
20/07/2021,20.13480
21/07/2021,20.19070
22/07/2021,20.18120
23/07/2021,20.02380
26/07/2021,20.02450
27/07/2021,19.97700
28/07/2021,19.95350
29/07/2021,19.84480
30/07/2021,19.84550
02/08/2021,19.85200
03/08/2021,19.89200
04/08/2021,19.95470
05/08/2021,19.92930
06/08/2021,20.00370
09/08/2021,20.06480
10/08/2021,20.10380
11/08/2021,19.95300
12/08/2021,19.89070
13/08/2021,19.86030
16/08/2021,19.88630
17/08/2021,19.99120
18/08/2021,20.01070
19/08/2021,20.11750
20/08/2021,20.40200
23/08/2021,20.39070
24/08/2021,20.29670
25/08/2021,20.29330
26/08/2021,20.35220
27/08/2021,20.22930
30/08/2021,20.14030
31/08/2021,20.06050
01/09/2021,19.96150
02/09/2021,19.97030
03/09/2021,19.89920
06/09/2021,19.88780
07/09/2021,19.94400
08/09/2021,19.93830
09/09/2021,19.93180
10/09/2021,19.87170
13/09/2021,19.86770
14/09/2021,19.90350
15/09/2021,19.90030
17/09/2021,19.98530
20/09/2021,20.17350
21/09/2021,20.14380
22/09/2021,20.03280
23/09/2021,20.02800
24/09/2021,20.11180
27/09/2021,20.10520
28/09/2021,20.30600
29/09/2021,20.49770
30/09/2021,20.56230
01/10/2021,20.51030
04/10/2021,20.57470
05/10/2021,20.58180
06/10/2021,20.69470
07/10/2021,20.60400
08/10/2021,20.72930
11/10/2021,20.80170
12/10/2021,20.77670
13/10/2021,20.68270
14/10/2021,20.60750
15/10/2021,20.46720
18/10/2021,20.35870
19/10/2021,20.26470
20/10/2021,20.18500
21/10/2021,20.26430
22/10/2021,20.18370
25/10/2021,20.18970
26/10/2021,20.18880
27/10/2021,20.19300
28/10/2021,20.32550
29/10/2021,20.52970
01/11/2021,20.85980
03/11/2021,20.83520
04/11/2021,20.62420
05/11/2021,20.39250
08/11/2021,20.32650
09/11/2021,20.28330
10/11/2021,20.47020
11/11/2021,20.46520
12/11/2021,20.50720
16/11/2021,20.80920
17/11/2021,20.69120
18/11/2021,20.76280
19/11/2021,20.82830
22/11/2021,20.96320
23/11/2021,21.21070
24/11/2021,21.43570
25/11/2021,21.54620
26/11/2021,21.81850
29/11/2021,21.73330
30/11/2021,21.44530
01/12/2021,21.27100
02/12/2021,21.30330
03/12/2021,21.41770
06/12/2021,21.20470
07/12/2021,21.09070
08/12/2021,20.93300
09/12/2021,21.03280
10/12/2021,20.89220
13/12/2021,20.93830
14/12/2021,21.16500
15/12/2021,21.23930
16/12/2021,20.92380
17/12/2021,20.73370
20/12/2021,20.73630
21/12/2021,20.78230
22/12/2021,20.75270
23/12/2021,20.65820
24/12/2021,20.61120
27/12/2021,20.68280
28/12/2021,20.57700
29/12/2021,20.58350
30/12/2021,20.51570
31/12/2021,20.46720
03/01/2022,20.58900
04/01/2022,20.47420
05/01/2022,20.39770
06/01/2022,20.45880
07/01/2022,20.42370
10/01/2022,20.44530
11/01/2022,20.37850
12/01/2022,20.36600
13/01/2022,20.36070
14/01/2022,20.31180
17/01/2022,20.30020
18/01/2022,20.40300
19/01/2022,20.46000
20/01/2022,20.45070
21/01/2022,20.45980
24/01/2022,20.63080
25/01/2022,20.66830
26/01/2022,20.64150
27/01/2022,20.73830
28/01/2022,20.85970
31/01/2022,20.63520
01/02/2022,20.58000
02/02/2022,20.60030
03/02/2022,20.55620
04/02/2022,20.73250
08/02/2022,20.64130
09/02/2022,20.50080
10/02/2022,20.41480
11/02/2022,20.41880
14/02/2022,20.41100
15/02/2022,20.39920
16/02/2022,20.33350
17/02/2022,20.29780
18/02/2022,20.30630
21/02/2022,20.28250
22/02/2022,20.29770
23/02/2022,20.24350
24/02/2022,20.65250
25/02/2022,20.44650
28/02/2022,20.42570
01/03/2022,20.52720
02/03/2022,20.71930
03/03/2022,20.70330
04/03/2022,20.92620
07/03/2022,21.19470
08/03/2022,21.37750
09/03/2022,20.96770
10/03/2022,20.97430
11/03/2022,20.96950
14/03/2022,20.89080
15/03/2022,20.87430
16/03/2022,20.70350
17/03/2022,20.55850
18/03/2022,20.41450
22/03/2022,20.27820
23/03/2022,20.18000
24/03/2022,20.13130
25/03/2022,19.95770
28/03/2022,20.11950
29/03/2022,19.99420
30/03/2022,19.86320
31/03/2022,19.91120
01/04/2022,19.84320
04/04/2022,19.74430
05/04/2022,19.90120
06/04/2022,20.06650
07/04/2022,20.16050
08/04/2022,20.12000
11/04/2022,20.00930
12/04/2022,19.84070
13/04/2022,19.79670
18/04/2022,19.93770
19/04/2022,20.04470
20/04/2022,20.03830
21/04/2022,20.18020
22/04/2022,20.31830
25/04/2022,20.29920
26/04/2022,20.35600
27/04/2022,20.47070
28/04/2022,20.56700
29/04/2022,20.37280
02/05/2022,20.40750
03/05/2022,20.33500
04/05/2022,20.25350
05/05/2022,20.22180
06/05/2022,20.10850
09/05/2022,20.31720
10/05/2022,20.37200
11/05/2022,20.25920
12/05/2022,20.32000
13/05/2022,20.14430
16/05/2022,20.07820
17/05/2022,19.96370
18/05/2022,19.96630
19/05/2022,19.92670
20/05/2022,19.86570
23/05/2022,19.82820
24/05/2022,19.88700
25/05/2022,19.83770
26/05/2022,19.79330
27/05/2022,19.59650
30/05/2022,19.49530
31/05/2022,19.69400
01/06/2022,19.73880
02/06/2022,19.55850
03/06/2022,19.57420
06/06/2022,19.55470
07/06/2022,19.59980
08/06/2022,19.59000
09/06/2022,19.61280
10/06/2022,19.92970
13/06/2022,20.45270
14/06/2022,20.65830
15/06/2022,20.66750
16/06/2022,20.57280
17/06/2022,20.47600
20/06/2022,20.24420
21/06/2022,20.19630
22/06/2022,20.04650
23/06/2022,20.03650
24/06/2022,19.87070
27/06/2022,19.87970
28/06/2022,19.98470
29/06/2022,20.14430
30/06/2022,20.13350
01/07/2022,20.38170
04/07/2022,20.28770
05/07/2022,20.55980
06/07/2022,20.72280
07/07/2022,20.60220
08/07/2022,20.44230
11/07/2022,20.74730
12/07/2022,20.78820
13/07/2022,20.76130
14/07/2022,20.94150
15/07/2022,20.61100
18/07/2022,20.39570
19/07/2022,20.44070
20/07/2022,20.49130
21/07/2022,20.65620
22/07/2022,20.51500
25/07/2022,20.46520
26/07/2022,20.43300
27/07/2022,20.51200
28/07/2022,20.37780
29/07/2022,20.34850
01/08/2022,20.26330
02/08/2022,20.51520
03/08/2022,20.63050
04/08/2022,20.33580
05/08/2022,20.40100
08/08/2022,20.27890
09/08/2022,20.27150
10/08/2022,19.95620
11/08/2022,19.95950
12/08/2022,19.87400
15/08/2022,19.86180
16/08/2022,19.93030
17/08/2022,20.03870
18/08/2022,20.08350
19/08/2022,20.19570
22/08/2022,20.15980
23/08/2022,19.99820
24/08/2022,19.91980
25/08/2022,19.94370
26/08/2022,19.92680
29/08/2022,19.99450
30/08/2022,20.14650
31/08/2022,20.09620
01/09/2022,20.24730
02/09/2022,19.97530
05/09/2022,19.96200
06/09/2022,20.13800
07/09/2022,20.02970
08/09/2022,20.02030
09/09/2022,19.90270
12/09/2022,19.79570
13/09/2022,20.05500
14/09/2022,19.97680
15/09/2022,20.05250
19/09/2022,19.99430
20/09/2022,20.00000
21/09/2022,20.00270
22/09/2022,19.96080
23/09/2022,20.16270
26/09/2022,20.35170
27/09/2022,20.35700
28/09/2022,20.30580
29/09/2022,20.19270
30/09/2022,20.09250
03/10/2022,20.00080
04/10/2022,19.96980
05/10/2022,20.12670
06/10/2022,20.10870
07/10/2022,20.05020
10/10/2022,19.97520
11/10/2022,19.96520
12/10/2022,20.03520
13/10/2022,20.03980
14/10/2022,20.08380
17/10/2022,19.99130
18/10/2022,20.02070
19/10/2022,20.12720
20/10/2022,20.04480
21/10/2022,19.96470
24/10/2022,19.95350
25/10/2022,19.87120
26/10/2022,19.85530
27/10/2022,19.83650
28/10/2022,19.83030
31/10/2022,19.82450
01/11/2022,19.74630
03/11/2022,19.66730
04/11/2022,19.52020
07/11/2022,19.46470
08/11/2022,19.47750
09/11/2022,19.58870
10/11/2022,19.39400
11/11/2022,19.53530
14/11/2022,19.40150
15/11/2022,19.38180
16/11/2022,19.31370
17/11/2022,19.43330
18/11/2022,19.49300
22/11/2022,19.46670
23/11/2022,19.36830
24/11/2022,19.36920
25/11/2022,19.33930
28/11/2022,19.32500
29/11/2022,19.21600
30/11/2022,19.39650
01/12/2022,19.14330
02/12/2022,19.34220
05/12/2022,19.75670
06/12/2022,19.80300
07/12/2022,19.69770
08/12/2022,19.67320
09/12/2022,19.81920
13/12/2022,19.64580
14/12/2022,19.69550
15/12/2022,19.79630
16/12/2022,19.79320
19/12/2022,19.75570
20/12/2022,19.74820
21/12/2022,19.69320
22/12/2022,19.57400
23/12/2022,19.42870
26/12/2022,19.39830
27/12/2022,19.44070
28/12/2022,19.41430
29/12/2022,19.36150
30/12/2022,19.47150
02/01/2023,19.48830
03/01/2023,19.42200
04/01/2023,19.35680
05/01/2023,19.36720
06/01/2023,19.17530
09/01/2023,19.16480
10/01/2023,19.11080
11/01/2023,19.02600
12/01/2023,18.87350
13/01/2023,18.79220
16/01/2023,18.79130
17/01/2023,18.74930
18/01/2023,18.74930
19/01/2023,19.03270
20/01/2023,18.92570
23/01/2023,18.82670
24/01/2023,18.83180
25/01/2023,18.82000
26/01/2023,18.83550
27/01/2023,18.78720
30/01/2023,18.77930
31/01/2023,18.79370
01/02/2023,18.73900
02/02/2023,18.62320
03/02/2023,18.88950
07/02/2023,19.05170
08/02/2023,18.94350
09/02/2023,18.95430
10/02/2023,18.68930
13/02/2023,18.63270
14/02/2023,18.53830
15/02/2023,18.64280
16/02/2023,18.54970
17/02/2023,18.41420
20/02/2023,18.39700
21/02/2023,18.39380
22/02/2023,18.34830
23/02/2023,18.41070
24/02/2023,18.40230
27/02/2023,18.40770
28/02/2023,18.34480
01/03/2023,18.17000
02/03/2023,18.12600
03/03/2023,18.01230
06/03/2023,18.01220
07/03/2023,18.11550
08/03/2023,17.96620
09/03/2023,18.05770
10/03/2023,18.40830
13/03/2023,18.83020
14/03/2023,18.64270
15/03/2023,18.99720
16/03/2023,18.90950
17/03/2023,18.89770
21/03/2023,18.67550
22/03/2023,18.54370
23/03/2023,18.49020
24/03/2023,18.51780
27/03/2023,18.38300
28/03/2023,18.25230
29/03/2023,18.10520
30/03/2023,18.09320
31/03/2023,18.04150
03/04/2023,18.10700
04/04/2023,18.11850
05/04/2023,18.33230
10/04/2023,18.17650
11/04/2023,18.18700
12/04/2023,18.06600
13/04/2023,18.01520
14/04/2023,18.06380
17/04/2023,18.08680
18/04/2023,18.06300
19/04/2023,18.04480
20/04/2023,18.00900
21/04/2023,17.99880
24/04/2023,18.00820
25/04/2023,18.08920
26/04/2023,18.10300
27/04/2023,18.07230
28/04/2023,17.99750
02/05/2023,18.03250
03/05/2023,17.90600
04/05/2023,17.95750
05/05/2023,17.78630
08/05/2023,17.82130
09/05/2023,17.76080
10/05/2023,17.58450
11/05/2023,17.62870
12/05/2023,17.61420
15/05/2023,17.53800
16/05/2023,17.46720
17/05/2023,17.58720
18/05/2023,17.73420
19/05/2023,17.69300
22/05/2023,17.86800
23/05/2023,17.96870
24/05/2023,17.81950
25/05/2023,17.82520
26/05/2023,17.67230
29/05/2023,17.56050
30/05/2023,17.65320
31/05/2023,17.74180
01/06/2023,17.56730
02/06/2023,17.50630
